,Brute Force,,LPP Approximation
"(n,m)",Vertex Cover Size,Runtime (in Seconds),Approximate VC Size,Runtime (in Seconds),Approximation Factor
"(20, 100)",14,2.4516,20,0.0042,1.4285714285714286
"(20, 110)",15,2.5477,20,0.0039,1.3333333333333333
"(20, 120)",16,2.607,20,0.0033,1.25
"(20, 130)",16,2.7292,20,0.0034,1.25
"(20, 140)",17,2.7647,20,0.0034,1.1764705882352942
"(20, 150)",17,2.8601,20,0.0036,1.1764705882352942
"(20, 160)",17,2.9124,20,0.0034,1.1764705882352942
"(20, 170)",17,2.9715,20,0.0035,1.1764705882352942
"(20, 180)",17,3.1061,20,0.0036,1.1764705882352942
"(20, 190)",19,3.1721,20,0.0037,1.0526315789473684
"(20, 20)",8,1.3709,8,0.0032,1.0
"(20, 30)",10,1.5998,12,0.0054,1.2
"(20, 40)",11,1.766,20,0.003,1.8181818181818181
"(20, 50)",12,1.9159,20,0.0042,1.6666666666666667
"(20, 60)",13,2.113,20,0.0031,1.5384615384615385
"(20, 70)",13,2.2168,20,0.0033,1.5384615384615385
"(20, 80)",14,2.3461,20,0.0033,1.4285714285714286
"(20, 90)",14,2.3737,20,0.0031,1.4285714285714286
